id,question,student_solution,reference_solution,auto_boundary_step,manual_first_error_step
gsm8k-test-1,A robe takes 2 bolts of blue fiber and half that much white fiber.  How many bolts in total does it take?,"Step 1:Identify the amount of blue fiber required, which is given as 2 bolts.
Step 2:Calculate the amount of white fiber needed, which is half of the blue fiber. Half of 2 bolts is 1 bolt.
Step 3:Add the amounts of blue and white fibers together to find the total bolts required. 2 bolts + 1 bolt = 3 bolts.
Final Answer: 3","It takes 2/2=<<2/2=1>>1 bolt of white fiber
So the total amount of fabric is 2+1=<<2+1=3>>3 bolts of fabric
#### 3",2,
gsm8k-test-22,Billy sells DVDs. He has 8 customers on Tuesday. His first 3 customers buy one DVD each.  His next 2 customers buy 2 DVDs each.  His last 3 customers don't buy any DVDs. How many DVDs did Billy sell on Tuesday?,"Step 1:Calculate DVDs sold to the first ３ customers: 3 customers × 1 DVD each = 3 DVDs.  
Step 2:Calculate DVDs_sold to the next ２ customers: 2 customers × 2 DVDs.each = 4 DVDs.  
_step 3:Calculate DVDs Sold to the last ３ customers:3 customers ×0 DVDs each = 0 DVDs.  
Final Answer: 3 +4 +0 =7.","His first 3 customers buy 3 * 1 = <<3*1=3>>3 DVDs.
His next 2 buy 2 * 2 = <<2*2=4>>4 DVDs.
He sells a total of 3 + 4 + 0 = <<3+4+0=7>>7 DVDs.
#### 7",2,
gsm8k-test-23,A candle melts by 2 centimeters every hour that it burns. How many centimeters shorter will a candle be after burning from 1:00 PM to 5:00 PM?,"Step 1:Calculate the total burning time from 1:00 PM到5:00PM.  
Step 2:Subtract the start time from the end time: 5:10 - 1:20 = 4 hours (assuming 1:30 PM to5:30PM is 4小时).  
Step 3:Multiply the melting rate by the burning time: 2 cm/hr × 4 hr = 8 cm  
Final Answer: 8","The candle burns for 5 - 1 = <<5-1=4>>4 hours.
Thus, the candle will be 2 * 4 = <<2*4=8>>8 centimeters shorter.
#### 8",2,
